Datetime,Water Level (m)
2025-04-05 06:00:00,-0.2719002
2025-04-05 07:00:00,0.007835175
2025-04-05 08:00:00,0.25384322
2025-04-05 09:00:00,0.43213367
2025-04-05 10:00:00,0.48757952
2025-04-05 11:00:00,0.41925067
2025-04-05 12:00:00,0.25481224
2025-04-05 13:00:00,0.018199375
2025-04-05 14:00:00,-0.23108612
2025-04-05 15:00:00,-0.4518072
2025-04-05 16:00:00,-0.60231364
2025-04-05 17:00:00,-0.6247274
2025-04-05 18:00:00,-0.5229669
2025-04-05 19:00:00,-0.34475097
2025-04-05 20:00:00,-0.15276726
2025-04-05 21:00:00,-0.020813748
2025-04-05 22:00:00,0.03549754
2025-04-05 23:00:00,0.012482606
2025-04-06 00:00:00,-0.0685329
2025-04-06 01:00:00,-0.19162524
2025-04-06 02:00:00,-0.35356405
2025-04-06 03:00:00,-0.52678126
2025-04-06 04:00:00,-0.6547678
2025-04-06 05:00:00,-0.6750436
2025-04-06 06:00:00,-0.56332123
2025-04-06 07:00:00,-0.3581124
2025-04-06 08:00:00,-0.1340803
2025-04-06 09:00:00,0.12492439
2025-04-06 10:00:00,0.30173427
2025-04-06 11:00:00,0.39020678
2025-04-06 12:00:00,0.40120742
2025-04-06 13:00:00,0.32314003
2025-04-06 14:00:00,0.14347704
2025-04-06 15:00:00,-0.09973134
2025-04-06 16:00:00,-0.3597648
2025-04-06 17:00:00,-0.56776744
2025-04-06 18:00:00,-0.6700664
2025-04-06 19:00:00,-0.66741407
2025-04-06 20:00:00,-0.5372609
2025-04-06 21:00:00,-0.3189779
2025-04-06 22:00:00,-0.11307862
2025-04-06 23:00:00,0.029055215
2025-04-07 00:00:00,0.09874751
2025-04-07 01:00:00,0.08527536
2025-04-07 02:00:00,-0.0013938557
2025-04-07 03:00:00,-0.16420059
2025-04-07 04:00:00,-0.36698878
2025-04-07 05:00:00,-0.561616
2025-04-07 06:00:00,-0.68840915
2025-04-07 07:00:00,-0.69817454
2025-04-07 08:00:00,-0.5519146
2025-04-07 09:00:00,-0.298032
2025-04-07 10:00:00,-0.012553472
2025-04-07 11:00:00,0.26462686
2025-04-07 12:00:00,0.46917745
2025-04-07 13:00:00,0.5445787
2025-04-07 14:00:00,0.48703524
2025-04-07 15:00:00,0.28767172
2025-04-07 16:00:00,-0.00055522035
2025-04-07 17:00:00,-0.2946766
2025-04-07 18:00:00,-0.5417302
2025-04-07 19:00:00,-0.71713805
2025-04-07 20:00:00,-0.7638289
2025-04-07 21:00:00,-0.6511096
2025-04-07 22:00:00,-0.37195006
2025-04-07 23:00:00,-0.100863375
2025-04-08 00:00:00,0.18647428
2025-04-08 01:00:00,0.3434086
2025-04-08 02:00:00,0.37476304
2025-04-08 03:00:00,0.27806064
2025-04-08 04:00:00,0.046656266
2025-04-08 05:00:00,-0.23749615
2025-04-08 06:00:00,-0.53318936
2025-04-08 07:00:00,-0.75901455
2025-04-08 08:00:00,-0.84634113
2025-04-08 09:00:00,-0.738098
2025-04-08 10:00:00,-0.40052402
2025-04-08 11:00:00,-0.0519535
2025-04-08 12:00:00,0.31564444
2025-04-08 13:00:00,0.56604314
2025-04-08 14:00:00,0.6491957
2025-04-08 15:00:00,0.54998314
2025-04-08 16:00:00,0.27281934
2025-04-08 17:00:00,-0.0739773
2025-04-08 18:00:00,-0.41199934
2025-04-08 19:00:00,-0.7155556
2025-04-08 20:00:00,-0.9166714
2025-04-08 21:00:00,-0.987195
2025-04-08 22:00:00,-0.7425059
2025-04-08 23:00:00,-0.34269795
2025-04-09 00:00:00,0.0048585986
2025-04-09 01:00:00,0.35992277
2025-04-09 02:00:00,0.524768
2025-04-09 03:00:00,0.5206718
2025-04-09 04:00:00,0.32530364
2025-04-09 05:00:00,-0.0015683082
2025-04-09 06:00:00,-0.35336587
2025-04-09 07:00:00,-0.6803123
2025-04-09 08:00:00,-0.8888836
2025-04-09 09:00:00,-0.9310974
2025-04-09 10:00:00,-0.7147963
2025-04-09 11:00:00,-0.30207062
2025-04-09 12:00:00,0.08200269
2025-04-09 13:00:00,0.4860641
2025-04-09 14:00:00,0.72290534
2025-04-09 15:00:00,0.7514111
2025-04-09 16:00:00,0.5722417
2025-04-09 17:00:00,0.21235725
2025-04-09 18:00:00,-0.17125018
2025-04-09 19:00:00,-0.5565768
2025-04-09 20:00:00,-0.86263216
2025-04-09 21:00:00,-1.0816513
2025-04-09 22:00:00,-0.9983927
2025-04-09 23:00:00,-0.60510737
2025-04-10 00:00:00,-0.18707928
2025-04-10 01:00:00,0.27734116
2025-04-10 02:00:00,0.5997375
2025-04-10 03:00:00,0.7230944
2025-04-10 04:00:00,0.6393987
2025-04-10 05:00:00,0.32685885
2025-04-10 06:00:00,-0.06632549
2025-04-10 07:00:00,-0.45747313
2025-04-10 08:00:00,-0.78725797
2025-04-10 09:00:00,-0.9759593
2025-04-10 10:00:00,-0.94489825
2025-04-10 11:00:00,-0.5833055
2025-04-10 12:00:00,-0.13910636
2025-04-10 13:00:00,0.34810048
2025-04-10 14:00:00,0.7297504
2025-04-10 15:00:00,0.9112045
2025-04-10 16:00:00,0.86220306
2025-04-10 17:00:00,0.5558627
2025-04-10 18:00:00,0.11008741
2025-04-10 19:00:00,-0.3386975
2025-04-10 20:00:00,-0.74494714
2025-04-10 21:00:00,-0.98894143
2025-04-10 22:00:00,-1.0269158
2025-04-10 23:00:00,-0.7199877
2025-04-11 00:00:00,-0.24645303
2025-04-11 01:00:00,0.21391423
2025-04-11 02:00:00,0.632359
2025-04-11 03:00:00,0.8643229
2025-04-11 04:00:00,0.8833498
2025-04-11 05:00:00,0.6539652
2025-04-11 06:00:00,0.2521275
